Code,pcat,desc,Indentation,Presentation Order,Has Children,Last Modified Date Time,Id,item_cat
AUD,,Audit Remuneration,0,1,false,2019-11-06T05:57:07.347Z,{7065EB95-1317-40E6-9F75-2AE84CCA16D5},
BBD,,Broad band for internet connection,0,2,false,2019-11-06T05:57:08.173Z,{8485C870-79FA-4AD3-919B-EFB1CB657415},
BDE,,Board related expenses,0,3,false,2019-11-06T05:57:08.017Z,{301B6FCC-EFC4-4A39-B98F-54B40FE4AFD3},
BDM,,Board meeting expenses,0,4,false,2019-11-06T05:57:08.017Z,{D2DE4D2E-BF47-4E1C-9B96-A2A47AC2B22E},
CEP,,Computer education program expenses,0,5,false,2019-11-06T05:57:08.267Z,{5AEE11FB-8076-4778-96D5-D87E8BB4B047},
CLE,,Cleaning material,0,6,true,2019-11-06T05:57:07.317Z,{5BBB1736-0827-4292-A306-86B8DF4F6ECB},
CLE1,CLE,Cleaning service,1,7,false,2019-11-06T05:57:07.33Z,{72C7DBAF-AA88-4920-AD7C-1FF0FD693560},
CLE2,CLE,Tissue,1,8,false,2019-11-06T05:57:07.33Z,{E052C1A5-0782-42E4-94FC-8B15CE538781},
CMT,,Accessories and materials,0,9,false,2019-11-06T05:57:08.127Z,{20646674-E33A-405C-8D35-F29676C77A11},
CSF,,Software,0,10,true,2019-11-06T05:57:08.143Z,{D97FE6C1-C14D-496F-AB59-ED8D5C62D573},
CSF1,CSF,Licence,1,11,false,2019-11-06T05:57:08.143Z,{DE6C02E7-4173-42A8-B4A6-AAD609F56FE1},
DON,,Donation,0,12,false,2019-11-06T05:57:08.33Z,{9B772313-E022-49C0-A8D0-92EE4F5A9A47},
ELE,,Electricity,0,13,false,2019-11-06T05:57:08.157Z,{C9B4B348-1EE1-404D-9775-545F46967AB8},
EQU,,Expendable equipment,0,14,true,2019-11-06T05:57:07.36Z,{091287E1-0C32-4F51-ADC8-D9C2DB5F181F},
EQU1,EQU,Furniture,1,15,false,2019-11-06T05:57:07.643Z,{F02FBB3C-C460-42CD-B4A4-22DF6341120A},
EQU2,EQU,Metal ware,1,16,false,2019-11-06T05:57:07.643Z,{55560D9A-222A-4560-8B84-98424F9C1FC6},
EQU3,EQU,Sports Equipment,1,17,false,2019-11-06T05:57:07.673Z,{2EC90C4B-4481-4D6E-9140-8F63A476C89D},
FOO,,Food,0,18,true,2019-11-06T05:57:07.69Z,{37F863D0-97C4-4627-AC8F-265AD557AB90},
FOO1,FOO,Meat,1,19,false,2019-11-06T05:57:07.69Z,{04B4D974-8282-41FD-9AA5-28EAB86CD441},
FOO10,FOO,Milk,1,20,false,2019-11-06T05:57:07.767Z,{98A86BF5-2EC6-48D6-96CF-7F34ED4E6956},
FOO11,FOO,Drinks,1,21,false,2019-11-06T05:57:07.767Z,{350F0F81-0E8D-4BCA-BA53-503933E67866},
FOO12,FOO,Restaurant,1,22,false,2019-11-06T05:57:07.783Z,{B6CC6EEB-A8A8-4A52-8940-24DFAF11C92A},
FOO13,FOO,Supermarket,1,23,false,2019-11-06T05:57:07.783Z,{9F35A9B6-6BE1-45C8-9A0B-41E5C1573B2B},
FOO2,FOO,Frozen meat,1,24,false,2019-11-06T05:57:07.707Z,{0DCB3BC9-9CAA-45B5-816C-5B757D7EBE89},
FOO3,FOO,Roast meat,1,25,false,2019-11-06T05:57:07.707Z,{BE456274-A572-4735-A71C-057D93C2DB85},
FOO4,FOO,Seafood,1,26,false,2019-11-06T05:57:07.72Z,{4401A833-D14B-48A3-B03E-32737D124790},
FOO5,FOO,Vegetable,1,27,false,2019-11-06T05:57:07.72Z,{8BAA83FF-6F76-4FD5-ACA0-29337298CB77},
FOO6,FOO,"Rice, Sauce",1,28,false,2019-11-06T05:57:07.737Z,{76609193-1852-4B73-AAF6-9BDF5D3D3A91},
FOO7,FOO,Fruit,1,29,false,2019-11-06T05:57:07.737Z,{C442E407-E9E3-4C65-97A0-897181C60C6C},
FOO8,FOO,Bread,1,30,false,2019-11-06T05:57:07.753Z,{17698947-E59C-47ED-9625-EC9092A2421E},
FOO9,FOO,Biscuits,1,31,false,2019-11-06T05:57:07.753Z,{54B8BD35-56C1-4661-BBFE-DE81CE4EFA39},
FOO14,FOO,Noddles and soya,,,,,,
FUN,,Fund-raising,0,32,false,2019-11-06T05:57:07.8Z,{FC8B60A8-05DB-4112-870D-3A143F6A0AC8},
GAS,,Gas,0,33,false,2019-11-06T05:57:07.8Z,{00C44AFA-1213-4C45-8392-B6480FC840E2},
GEN,,General promotion,0,34,true,2019-11-06T05:57:07.817Z,{D72DAAB1-E687-4E64-B9F2-6FC4F6084F3A},
GEN1,GEN,Design,1,35,false,2019-11-06T05:57:07.817Z,{B56D5509-28ED-49E3-90B6-906C2A536128},
GEN2,GEN,Trophy,1,36,false,2019-11-06T05:57:07.83Z,{E177E905-7E29-49F1-8E23-63B8BB2BA3CB},
GEN3,GEN,Advertising,1,37,false,2019-11-06T05:57:07.83Z,{C05B90AC-2A92-485A-B461-3BB0B918E421},
GEN4,GEN,Photography,1,38,false,2019-11-06T05:57:07.847Z,{C7D303CF-6EB6-4D81-9726-97DBBF8A0E7E},
GEN5,GEN,Florist,1,39,false,2019-11-06T05:57:07.847Z,{CAA41054-37E2-4FD3-BD34-374179CCED48},
GVR,,Government rent,0,40,false,2019-11-06T05:57:08.363Z,{E44D621E-C498-48B4-8E08-171E207847E2},
HDC,,Day care center service,0,41,false,2019-11-06T05:57:08.283Z,{5BA38810-B3AB-4EFA-A3A1-4EF225CB124D},
HHC,,Home care center service,0,42,false,2019-11-06T05:57:08.267Z,{4D21128A-C16E-4374-B83A-D137E5BB66E7},
HML,,Meal service,0,43,false,2019-11-06T05:57:08.3Z,{49D9812D-9C1B-492F-BD3C-45AE07194245},
HMS,,Medical service,0,44,false,2019-11-06T05:57:08.3Z,{4545262B-D138-4C54-9D41-ED2B6756A64D},
HON,,Honorarium,0,45,false,2019-11-06T05:57:07.94Z,{D4D4C4B1-3058-4C6E-96DB-21D2224C501A},
HOS,,Hostel laundry expenses,0,46,false,2019-11-06T05:57:07.94Z,{D34B2F1D-0B74-409A-89D7-C3E81DB2CB08},
HOT,,Occupational therapy service,0,47,false,2019-11-06T05:57:08.283Z,{1BE0B73D-EA8A-4ED1-89D7-603302A297E0},
INA,,Inaugural ceremony expenses,0,48,false,2019-11-06T05:57:08.33Z,{6E820FCE-46E8-4F93-9D94-704A85D68860},
INS,,Insurance,0,49,false,2019-11-06T05:57:08.363Z,{1EB52FCA-23F8-4308-A24C-CC1FCCBB0273},
LIC,,License ,0,50,true,2019-11-06T05:57:07.923Z,{62406F05-E75D-467C-8444-E62B1CCDD592},
LIC1,LIC,Registration fee,1,51,false,2019-11-06T05:57:07.923Z,{09D43584-6B81-480C-9F02-765ADBF0BB21},
MAT,,Material cost,0,52,false,2019-11-06T05:57:07.907Z,{9A46DAE8-66C9-4B28-9715-3A8A98A15F14},
MED,,Medical expenses,0,53,false,2019-11-06T05:57:08.377Z,{5E09B12D-8F26-4E3B-BBFD-579515DE7791},
MED1,MED,藥物,,,,,,
MED2,MED,口罩,,,,,,
MED3,MED,醫療用料,,,,,,
MEMBERSHIP,,Membership,0,54,false,2019-10-15T03:17:12.327Z,{9BC62491-6D3C-4BC2-95E6-E96B61C5C818},
MEQ,,Expendable equipment - medical,0,55,false,2019-11-06T05:57:08.377Z,{078A5F19-9634-4728-8CFE-955EA2D59D80},
MGT,,Building Management fee,0,56,true,2019-11-06T05:57:07.877Z,{5FB3FB65-C273-4330-9806-8BD8231A4937},
MGT1,MGT,Security fee,1,57,false,2019-11-06T05:57:07.877Z,{C3FACE79-2C95-49EF-95EF-4EB7BFC58DD8},
MPF,,MPF,0,58,false,2019-11-06T05:57:08.19Z,{0FFF5445-D3B1-4C19-AABC-93EF5315C827},
MVF,,Vehicle fuel,0,59,false,2019-11-06T05:57:07.97Z,{6B1761CA-DBFE-4980-AF63-BF4448816EC7},
MVI,,Vehicle insurance,0,60,false,2019-11-06T05:57:07.97Z,{5512FF5C-9013-4F12-8C99-DFEFB5A712F6},
MVL,,Vehicle license fee,0,61,false,2019-11-06T05:57:07.987Z,{EB1E81AB-0828-4DFE-B287-FF2115E389C9},
MVP,,Vehicle parking & tunnel fee,0,62,false,2019-11-06T05:57:08.003Z,{AAF5D43E-DD9F-4C23-86BC-C09D33430513},
MVR,,Vehicle repair & maintenance,0,63,false,2019-11-06T05:57:07.987Z,{30572A5D-3B3B-4054-8C96-04F77FCB9475},
NEW,,Newspaper,0,64,true,2019-11-06T05:57:07.893Z,{A805412C-F9C8-41AC-96E4-0F2B9ECCEAB9},
NEW1,NEW,Periodicals,1,65,false,2019-11-06T05:57:07.907Z,{DCEEC87B-CCB4-449B-A360-809E884CF334},
OSE,,Outsource service expenses,0,66,false,2019-11-06T05:57:08.317Z,{E84AA48B-7D6B-424E-835A-FA3F5A91ABD9},
PBK,,Purchase of textbooks,0,67,false,2019-11-06T05:57:08.033Z,{7847E85F-C714-4741-80F8-E19ADC00C361},
PEX,,Purchase of exercise book,0,68,false,2019-11-06T05:57:08.097Z,{A8BAD891-25CB-47CD-BA17-05F23E66B1B1},
POS,,Purchases of Services - Others,0,69,false,2019-11-06T05:57:08.393Z,{5B1ECEE3-85D0-43DB-AD6F-2314780D47ED},
PRO,,Legal and professional fees,0,70,true,2019-11-06T05:57:07.86Z,{69E2B679-848D-48CA-9DEF-F52C0F71F753},
PRO1,PRO,Consultancy fee,1,71,false,2019-11-06T05:57:07.86Z,{961B2F1D-DD5C-4D83-986E-005D36ACD1E6},
PSB,,Purchase of school bags,0,72,false,2019-11-06T05:57:08.113Z,{E28FCA46-4C9B-4E59-BCF9-7795735857D0},
PSG,,Postage,0,73,false,2019-11-06T05:57:08.127Z,{FDBF8FD3-2B8D-49AB-ABE5-720003D04174},
PST,,Purchases of stationery,0,74,false,2019-11-06T05:57:08.113Z,{01554ACA-60F5-4D14-8B7B-BF0FB9A2D937},
PUR,,Purchases for retail sales,0,75,true,2019-11-06T05:57:08.393Z,{6DFD7AF4-30DF-4B9B-96E3-535E3C2405B5},
PUR51,PUR,#67856 Safety Shield Tablet Cutter切藥器,1,262,false,2019-11-06T05:57:08.807Z,{8FC28ACF-5FBA-46A4-82CE-EA0E7AD96767},B3
PUR52,PUR,#71091-EZY DOSE 藥丸磨連藥盒(文化村）,1,263,false,2019-11-06T05:57:08.807Z,{12F03DE7-C901-47E4-B072-0D14C6927F07},B3
PUR1,PUR,#7374C-Folding Frame Standard 可摺疊式助行架,1,76,false,2019-11-06T05:57:08.407Z,{5848D493-04CF-441F-8C14-156062018F65},B1
PUR2,PUR,16mm膠腳(灰色)(主要四腳叉用),1,187,false,2019-11-06T05:57:08.407Z,{54D0BCE6-480B-43AF-A5BD-6D7F384AB756},B4
PUR3,PUR,19mm膠腳,1,238,false,2019-11-06T05:57:08.423Z,{F318B2CE-E401-4451-8245-8EE7F897C7D7},B4
PUR37,PUR,ASCENSIA血糖紙50's,1,246,false,2019-11-06T05:57:08.69Z,{E9F2FAF0-50B8-4931-870E-66895609BEB7},B3
PUR38,PUR,ASCENSIA血糖機,1,247,false,2019-11-06T05:57:08.707Z,{60ABA35F-B5B5-4D65-A0C2-FAC4E66CBAF7},B3
PUR191,PUR,Comefree CF-843護具系列（護膝）L,1,178,false,2019-11-06T05:57:09.97Z,{DF327D8E-1EFC-4E00-B63E-CFD94E95CAC0},B4
PUR192,PUR,Comefree CF-843護具系列（護膝）XL,1,179,false,2019-11-06T05:57:09.97Z,{217F8898-4778-4AB9-8859-7C38B4F4963C},B4
PUR40,PUR,Docpods Ultra Soft M,1,250,false,2019-11-06T05:57:08.72Z,{697D9E0B-EB26-4C36-805B-77CB4AD3112E},B4
PUR39,PUR,Docpods Ultra Soft S,1,248,false,2019-11-06T05:57:08.707Z,{FDC2717C-8AB2-4151-A1D4-610DDFFFA24A},B3
PUR177,PUR,ECO PEN (highlight),1,162,false,2019-11-06T05:57:09.847Z,{6C56A67E-52D3-4696-99A4-D300EFE8061E},HP
PUR176,PUR,ECO Pen(ball pen),1,161,false,2019-11-06T05:57:09.847Z,{E3D3D9FC-9C76-462E-864C-870CD34FAAF7},HP
PUR152,PUR,Folding up drinking cup with pill box,1,135,false,2019-11-06T05:57:09.64Z,{0D935C69-A27B-46DE-B5D3-B2490C71DE3F},OTHER
PUR123,PUR,GAYA泰國草本熱敷包-腰肚,1,103,false,2019-11-06T05:57:09.403Z,{3FA2D6B3-EC5F-4A37-BB3B-BF785904A8C5},B3
PUR36,PUR,Instant Cold Pain Relief Pack,1,245,false,2019-11-06T05:57:08.69Z,{67D82D7D-60F8-4BA4-BEF9-CBE321717898},B4
PUR129,PUR,JJ DELICA LANCET採血針 100S,1,109,false,2019-11-06T05:57:09.45Z,{2D3F0F98-10A2-4935-9D83-167536498183},B3
PUR128,PUR,JJ SELECT PLUS血糖紙50s,1,108,false,2019-11-06T05:57:09.437Z,{3B3D40C0-ABFC-4CB6-B44B-5DEEADF0A401},B3
PUR194,PUR,Listra Heel Cup 足跟墊 (L),1,181,false,2019-11-06T05:57:09.987Z,{C62BECF7-5A77-440A-AD1D-DAA71BA8BEAA},B4
PUR193,PUR,Listra Heel Cup足跟墊 (M),1,180,false,2019-11-06T05:57:09.987Z,{6A893244-8D47-40E9-99D5-DA1F26135849},B4
PUR189,PUR,Listra3/4墊 (M),1,175,false,2019-11-06T05:57:09.953Z,{C634B084-ABB8-4A7F-B4D4-127F26C265DC},B4
PUR188,PUR,Listra全墊 (L),1,174,false,2019-11-06T05:57:09.94Z,{297DED8B-C17B-46F2-BB73-F829769C9F25},B4
PUR187,PUR,Listra全墊 (XL),1,173,false,2019-11-06T05:57:09.94Z,{588F5D4B-8DE1-4F77-9F07-1F1381B0EB4A},B4
PUR99,PUR,MAMY米長通粉,1,314,false,2019-11-06T05:57:09.187Z,{1D35E81C-8851-411C-B210-42D8F8E5AF71},FOOD
PUR100,PUR,MAMY快食河粉,1,78,false,2019-11-06T05:57:09.2Z,{C22D5E43-6650-4CE4-8BAF-0A28C31E4BC7},FOOD
PUR98,PUR,MAMY快食糙米粉,1,313,false,2019-11-06T05:57:09.187Z,{67F4A97E-53C8-4F5C-91BA-05ED7FD2A91E},FOOD
PUR34,PUR,NRS英國穿襪器,1,243,false,2019-11-06T05:57:08.673Z,{D8A450C3-7B3A-4BC5-9072-CC0126CCB468},B4
PUR4,PUR,OFA AD 壓力襪-三骨 肉色 (中碼),1,249,false,2019-11-06T05:57:08.423Z,{E26F64DE-5212-476D-9FD9-624D89D63949},B4
PUR130,PUR,OTULTRAEASY血糖測試機（贈品）,1,111,false,2019-11-06T05:57:09.45Z,{46A93090-8C8E-469A-9FC0-240AA1EF4896},B3
PUR179,PUR,PIC Cream foot care diaetes,1,164,false,2019-11-06T05:57:09.86Z,{978C5E6B-AD70-4562-95F8-C47743A818DB},B4
PUR178,PUR,PIC 胰島素注射筆針頭 32G(4mm),1,163,false,2019-11-06T05:57:09.86Z,{73A35A58-BCD4-47DA-B745-EF32B5E77FE9},B3
PUR181,PUR,PIC 胰島素注射筆針頭32G (6mm),1,167,false,2019-11-06T05:57:09.893Z,{D72313B4-271B-451B-876B-044B73B50938},B3
PUR183,PUR,PIC 胰島素注射筆針頭32G (8mm),1,169,false,2019-11-06T05:57:09.907Z,{E294C65D-C606-4E5B-8840-4E927408E59F},B3
PUR195,PUR,R&R 冷熱肩墊敷 (SP-7207B) Cold/Hot Compress Pack( 42 X 36.5,1,182,false,2019-11-06T05:57:10Z,{AC14DB26-6031-4578-BABB-3380DDDCAAD8},B4
PUR205,PUR,Robust RB-1845 遠紅外線背姿矯正帶 (大碼),1,194,false,2019-11-06T05:57:10.08Z,{0D726E13-18E5-4E67-8CAC-DCFD4EEA6336},B4
PUR203,PUR,Robust RB-1845 遠紅外線背姿矯正帶 (中碼),1,192,false,2019-11-06T05:57:10.063Z,{3E37FBDC-069E-41D9-B4E3-F21B8097A648},B4
PUR206,PUR,Robust RB-1845 遠紅外線背姿矯正帶 (加大碼),1,195,false,2019-11-06T05:57:10.08Z,{6DE4C3B0-817C-404A-BA3F-CAF4A53A7392},B4
PUR204,PUR,Robust RB-1845 遠紅外線背姿矯正帶 (細碼),1,193,false,2019-11-06T05:57:10.063Z,{23FE71E2-7398-482C-9896-BC5F7A565FEE},B4
PUR198,PUR,Robust 護肘  (RB-1842) 加大碼,1,185,false,2019-11-06T05:57:10.017Z,{599DAFB7-CB6B-4585-8B26-98383753B4AC},B4
PUR197,PUR,Robust 護肘 (RB-1842) 大碼,1,184,false,2019-11-06T05:57:10.017Z,{552C77DA-D0DD-4B08-97D7-DB6C466ACC33},B4
PUR196,PUR,Robust 護腕 (RB-1841),1,183,false,2019-11-06T05:57:10Z,{FD833E1C-DDC9-43AD-88B7-036E317F3393},B4
PUR200,PUR,Robust 護踝 (RB-1844) 大碼,1,189,false,2019-11-06T05:57:10.033Z,{D0F128DE-CC18-4BDA-B21B-95A8379A2875},B4
PUR201,PUR,Robust 護踝 (RB-1844) 中碼,1,190,false,2019-11-06T05:57:10.047Z,{5F60B529-BC6B-47DB-8183-38702916F33B},B4
PUR199,PUR,Robust 護踝 (RB-1844) 加大碼,1,186,false,2019-11-06T05:57:10.033Z,{04715F42-578D-4295-B4D7-74A53E389BFE},B4
PUR202,PUR,Robust 護踝 (RB-1844) 細碼,1,191,false,2019-11-06T05:57:10.047Z,{276C7616-A5B2-4F18-BAE6-67A38D40F24C},B4
PUR182,PUR,Sate Container For Sharps Box,1,168,false,2019-11-06T05:57:09.893Z,{2F407680-33A3-4E58-A915-E7EBCC3070DE},B3
PUR208,PUR,Silicon足跟墊S,1,197,false,2019-11-06T05:57:10.097Z,{38813C97-0EC7-45E9-9D1C-355D798F1881},B4
PUR180,PUR,Wash Foot Care Diabetes,1,166,false,2019-11-06T05:57:09.877Z,{2E2CBAAC-9F22-4FAF-A23D-F42126DE5D16},B4
PUR115,PUR,小麥餐具三件套,1,94,false,2019-11-06T05:57:09.327Z,{652C0D2F-EA39-416C-A23A-738E16CD2BAC},OTHER
PUR132,PUR,丹麥高級成人尿片,1,113,false,2019-11-06T05:57:09.467Z,{B107B056-550F-45B1-9863-EDD44D3A3987},B4
PUR209,PUR,仁愛堂環保肥皂（三色）,1,198,false,2019-11-06T05:57:10.11Z,{EB8FCA15-10A2-4261-B1C5-F20719AB7C91},HP
PUR161,PUR,天然有機醬油,1,145,false,2019-11-06T05:57:09.717Z,{B0C5CBA4-A0F5-498D-945D-4F7CCDF11DA0},FOOD
PUR156,PUR,天然死海礦物浴鹽,1,139,false,2019-11-06T05:57:09.67Z,{FE0BFC9E-1B8E-4DB3-A5DF-A9E21757BFCB},HP
PUR215,PUR,天然蘆薈牙膏,1,205,false,2019-11-06T05:57:10.157Z,{EB0CF46D-D945-45DF-924B-BF350AF2622C},HP
PUR214,PUR,天然蘆薈凝膠,1,204,false,2019-11-06T05:57:10.143Z,{46309B15-7DB0-4732-AF11-934E60C25C99},HP
PUR55,PUR,文化村全自動手臂式電子血壓計,1,266,false,2019-11-06T05:57:08.84Z,{A8BD0EE9-CCFE-48F7-9ABE-7B11D5E2BB06},B3
PUR11,PUR,方塊酥（新包裝）,1,88,false,2019-11-06T05:57:08.487Z,{BE4669FB-ED82-4E0F-B69E-0B82DFB8EA1B},FOOD
PUR53,PUR,日本一級幫內褲型成人紙尿褲(薄型獨立包-贈品)大碼,1,264,false,2019-11-06T05:57:08.823Z,{9DFA272A-6FB5-4023-8648-A98DA4B44C44},B4
PUR54,PUR,日本喜舒樂成人紙尿褲(厚裝)M-L,1,265,false,2019-11-06T05:57:08.823Z,{B51BCF51-2AF4-48CD-8DFA-4ADB39F299EE},B4
PUR77,PUR,牛油曲奇餅,1,290,false,2019-11-06T05:57:09.013Z,{047E53E6-D74F-46BF-A10A-34B26AAAF36C},FOOD
PUR141,PUR,牛蒡片,1,123,false,2019-11-06T05:57:09.547Z,{7A1E5F49-DEFC-4F97-B323-FD0A5CC4C4C1},FOOD
PUR218,PUR,冬蜜,1,208,false,2019-11-06T05:57:10.173Z,{39808889-14D6-40C8-8E70-6A30367BE493},DRINK
PUR222,PUR,古銅色四爪拐杖可詷高低,1,213,false,2019-11-06T05:57:10.22Z,{440AD748-9553-49B2-BEE7-539793F80077},B1
PUR184,PUR,正冬蜜  (1000gm),1,170,false,2019-11-06T05:57:09.907Z,{7337AF8D-F21A-4374-9198-749271A01965},DRINK
PUR75,PUR,全天然活性碳包（大）-500g,1,288,false,2019-11-06T05:57:08.997Z,{5E6BD643-4456-421A-A52A-62E292FA1A37},B4
PUR74,PUR,全天然活性碳包（小）-150g,1,287,false,2019-11-06T05:57:08.98Z,{52A8E233-BC88-4897-B802-AD654286B8D0},B4
PUR173,PUR,冰原有機即溶大燕麥片,1,158,false,2019-11-06T05:57:09.813Z,{32887BF4-DFBD-4308-A3DD-D6BFB0AF61C1},FOOD
PUR174,PUR,冰原有機黑麥片500g,1,159,false,2019-11-06T05:57:09.83Z,{2DAD640D-E4B9-4DAF-9BFB-0DBF2FEE0A56},FOOD
PUR114,PUR,回歸活動紀念廣告帽,1,93,false,2019-11-06T05:57:09.31Z,{42D18640-0A5F-4C44-92D4-F1E376E1619F},OTHER
PUR50,PUR,安心寶成人（無香味）濕紙巾80片,1,261,false,2019-11-06T05:57:08.793Z,{8F95321A-1367-4735-9143-240D3EDBB1D5},B4
PUR47,PUR,安心寶-至尊裝成人尿片（10片*10包）-大碼,1,257,false,2019-11-06T05:57:08.777Z,{690BFA50-41FE-4A45-9547-E1F6FF39E468},B4
PUR46,PUR,安心寶-至尊裝成人尿片（10片*12包）,1,256,false,2019-11-06T05:57:08.757Z,{4D4EE2B2-EDA0-43C8-A04F-7265FB10E000},B4
PUR48,PUR,"安心寶床墊60*90,10片",1,258,false,2019-11-06T05:57:08.777Z,{E6B05E54-3898-4898-83F2-CB58914138CA},B4
PUR49,PUR,安心寶藍色三層口罩-獨立裝,1,259,false,2019-11-06T05:57:08.793Z,{2D248898-79DD-42B6-B030-678B4C7FF920},B4
PUR108,PUR,有機15果糧香脆條,1,86,false,2019-11-06T05:57:09.263Z,{60D0653B-F594-4F4B-BE7E-E00E1522777C},FOOD
PUR175,PUR,有機三色藜麥片250g,1,160,false,2019-11-06T05:57:09.83Z,{779C90A0-4E91-453A-8C98-968C87FDFA3C},FOOD
PUR165,PUR,有機木耳膠原飲,1,149,false,2019-11-06T05:57:09.747Z,{AB03F67B-9448-4371-96D4-3E84812B63B4},DRINK
PUR169,PUR,有機甘栗仁,1,153,false,2019-11-06T05:57:09.78Z,{81F6861F-EF07-4ADD-BAD0-1E5554C84E42},FOOD
PUR106,PUR,有機即沖芝麻8穀營養餐,1,84,false,2019-11-06T05:57:09.247Z,{B779B52E-4860-4598-A2AD-C38A9CCD228B},FOOD
PUR107,PUR,有機即沖芝麻8穀營養餐(無糖),1,85,false,2019-11-06T05:57:09.263Z,{E494E23A-F854-44FF-8A80-D430B5625937},FOOD
PUR167,PUR,有機即溶苔麩片250g,1,151,false,2019-11-06T05:57:09.763Z,{01606E7D-02FE-414D-9BA0-07E1FB97F37A},FOOD
PUR160,PUR,有機豆瓣醬（細）,1,144,false,2019-11-06T05:57:09.7Z,{018AC219-73C8-445C-A53C-904EC9543ED8},FOOD
PUR91,PUR,有機初榨冷壓椰子油473ml,1,306,false,2019-11-06T05:57:09.123Z,{42910804-E285-427E-A91A-8AABC489E487},FOOD
PUR92,PUR,有機初榨冷壓椰子油-710ml,1,307,false,2019-11-06T05:57:09.123Z,{0AFE0552-2F75-4247-A28B-A3A28B56711E},FOOD
PUR90,PUR,有機初榨椰子油207ml,1,305,false,2019-11-06T05:57:09.107Z,{0714591C-FCDA-4F5D-9E20-809E5C3C4040},FOOD
PUR89,PUR,有機初榨椰子油25ml,1,303,false,2019-11-06T05:57:09.107Z,{4B9D7949-02AE-4FF3-868A-086B9A5AC3D5},FOOD
PUR157,PUR,有機秋木耳（小盒）,1,140,false,2019-11-06T05:57:09.687Z,{DA0B96E1-1AB6-42BF-A5D8-A95F87EAFB7E},FOOD
PUR226,PUR,有機紅酒2008,1,217,false,2019-11-06T05:57:10.25Z,{809A0C32-EDCC-4F51-8A3C-33F077D8F298},DRINK
PUR227,PUR,有機紅酒2009,1,218,false,2019-11-06T05:57:10.25Z,{A6EB930C-CE43-4D2B-9A8A-2B209330DF10},DRINK
PUR18,PUR,有機紅薏仁綠豆湯,1,165,false,2019-11-06T05:57:08.533Z,{6F7ED9AA-6A07-4B64-8B3B-38C1E315DE03},DRINK
PUR84,PUR,有機姬松茸,1,298,false,2019-11-06T05:57:09.06Z,{444D7494-5E07-42D3-9EBF-93BA9B9976D8},FOOD
PUR80,PUR,有機猴頭菇,1,294,false,2019-11-06T05:57:09.03Z,{C5A78842-1077-47E9-B5A1-EC940A332252},FOOD
PUR19,PUR,有機紫米八寶粥,1,176,false,2019-11-06T05:57:08.55Z,{E869E06A-22CA-4900-A623-AF818A780615},FOOD
PUR109,PUR,有機黑芝麻米糧香脆條,1,87,false,2019-11-06T05:57:09.28Z,{85D3626C-7030-4E55-86AF-81BC4A8D0691},FOOD
PUR83,PUR,有機舞茸,1,297,false,2019-11-06T05:57:09.06Z,{3B04BCA9-D0C2-410E-A2A7-611E7EC4995A},FOOD
PUR158,PUR,有機銀耳（小盒）,1,141,false,2019-11-06T05:57:09.687Z,{5A8BE8A7-D6FB-4D76-A0FE-52A97252AAB2},FOOD
PUR86,PUR,有機燒茄子蕃茄醬,1,300,false,2019-11-06T05:57:09.077Z,{8D147A78-5F17-4CAB-80D7-2A5018E2D294},FOOD
PUR96,PUR,有機糙米脆餅-奇異籽,1,311,false,2019-11-06T05:57:09.153Z,{A68F1A46-F4B3-45E9-A516-0EA8469CBA0D},FOOD
PUR93,PUR,有機糙米脆餅-海鹽香醋,1,308,false,2019-11-06T05:57:09.14Z,{6BC0F0B3-7A20-45A0-9598-150ABB85D500},FOOD
PUR95,PUR,有機糙米脆餅-黑米,1,310,false,2019-11-06T05:57:09.153Z,{16A10EB9-461F-4F69-B656-A8986DD955D0},FOOD
PUR97,PUR,有機糙米脆餅-綠茶海苔,1,312,false,2019-11-06T05:57:09.17Z,{E8843466-D6C4-409A-9078-53F1841FC984},FOOD
PUR94,PUR,有機糙米脆餅-酸忌廉韭菜,1,309,false,2019-11-06T05:57:09.14Z,{5DF911B2-2826-4522-B591-56D329E4C11F},FOOD
PUR56,PUR,竹炭眼罩,1,267,false,2019-11-06T05:57:08.84Z,{235FC734-B61A-471E-B2D0-F4C4EFE177B7},B4
PUR35,PUR,老花鏡,1,244,false,2019-11-06T05:57:08.673Z,{8071A15B-DDE3-4CBB-AD91-09AC27A5A63B},B4
PUR236,PUR,位元堂中醫防掉髮洗髮露（防屑配方）,1,228,false,2019-11-06T05:57:10.33Z,{D12D1F80-3EA6-4843-AA10-1031DB16BB5F},SP
PUR235,PUR,位元堂中醫防掉髮洗髮露（烏髮配方）,1,227,false,2019-11-06T05:57:10.313Z,{7F76D288-B5F1-45FC-962D-40F57945DC5F},SP
PUR234,PUR,位元堂中醫防掉髮洗髮露（強韌配方）,1,226,false,2019-11-06T05:57:10.313Z,{1C36C2FD-57CE-4709-9D44-8FBAD2F274DB},SP
PUR232,PUR,位元堂五指毛桃燉雞湯320g,1,224,false,2019-11-06T05:57:10.297Z,{69801FBA-69DB-462B-A91D-E7C9120A485E},FOOD
PUR228,PUR,位元堂原味龜苓膏200g,1,219,false,2019-11-06T05:57:10.267Z,{7AE7DC7C-C93E-4749-86D0-AC077500C679},FOOD
PUR230,PUR,位元堂猴頭菇響螺燉雞湯320g,1,222,false,2019-11-06T05:57:10.283Z,{DDDB382A-ED87-4E8C-AEC3-1865BAA7B506},FOOD
PUR233,PUR,位元堂當歸紅棗燉烏雞320g,1,225,false,2019-11-06T05:57:10.297Z,{2409A812-7391-4213-BFC6-F2D3E8F1B02D},FOOD
PUR231,PUR,位元堂瑤柱蟲草燉湯320g,1,223,false,2019-11-06T05:57:10.283Z,{6DAB7812-638C-48EB-AD57-EED0A868C3EE},FOOD
PUR237,PUR,位元堂雙層潤喉軟糖（川貝枇杷配方）,1,229,false,2019-11-06T05:57:10.33Z,{1FD80FF4-9D7C-43AB-981D-A9393DBACD13},FOOD
PUR239,PUR,位元堂雙層潤喉軟糖（蜂膠八仙果配方）,1,231,false,2019-11-06T05:57:10.347Z,{D9E917F7-4C92-43AF-B778-B09911362F76},FOOD
PUR238,PUR,位元堂雙層潤喉軟糖（蜂膠羅漢果配方）,1,230,false,2019-11-06T05:57:10.347Z,{8BA4B2F3-31FA-4376-842F-0EE518BFAB0E},FOOD
PUR229,PUR,位元堂靈芝龜苓膏200g,1,220,false,2019-11-06T05:57:10.267Z,{514235AE-0618-4C73-A84B-3872A2D5FECB},FOOD
PUR147,PUR,佳膳成人升級配方800G,1,129,false,2019-11-06T05:57:09.593Z,{FB20E87B-2F4E-4FF7-8153-FBB5E5F44EEF},B4
PUR146,PUR,佳膳纖維配方,1,128,false,2019-11-06T05:57:09.593Z,{79983398-CDC6-4929-A24B-0B633EC78B06},FOOD
PUR162,PUR,和然有機大豆瓣醬（800g）,1,146,false,2019-11-06T05:57:09.733Z,{A50A6AA7-7D38-47EE-A0A2-FC248545F3F9},FOOD
PUR159,PUR,和然有機醬油（500ml）,1,142,false,2019-11-06T05:57:09.7Z,{1F7764F2-C5FA-431C-81F2-EAE7AF3F010F},FOOD
PUR139,PUR,岳盛小阿姨黑糖薑母茶,1,120,false,2019-11-06T05:57:09.53Z,{D66F399F-515E-4737-896A-A4BF2839877E},DRINK
PUR26,PUR,果醋（青梅）,1,234,false,2019-11-06T05:57:08.613Z,{45EE6B9E-5691-4210-B676-1C1FFAC99C42},DRINK
PUR27,PUR,果醋（葡萄）,1,235,false,2019-11-06T05:57:08.613Z,{8839F768-3D9E-4B0B-8686-B0C7FEE3AA1F},DRINK
PUR28,PUR,果醋（蜜桃）,1,236,false,2019-11-06T05:57:08.627Z,{B269B5D2-EEB5-4EA7-8E76-78546810819F},DRINK
PUR29,PUR,果醋（鳳梨）,1,237,false,2019-11-06T05:57:08.627Z,{AE65DB50-DA92-47B6-B332-8A20FDA1B8B0},DRINK
PUR25,PUR,果醋（蘋果）,1,233,false,2019-11-06T05:57:08.597Z,{95A6E486-D65E-4AC6-B973-F3D5D245823B},DRINK
PUR148,PUR,矽膠 3/4 掌墊  (中),1,130,false,2019-11-06T05:57:09.607Z,{E52C4948-4207-4B07-AA9F-5A8458BF63E4},B4
PUR32,PUR,青澀梅果醋600ml/支,1,241,false,2019-11-06T05:57:08.657Z,{F0C849AE-AAE8-40BA-99F7-BE41FD54BA0A},DRINK
PUR207,PUR,前掌墊 MIA Metatarsal Cushion - Exrtra Soft （藍色）,1,196,false,2019-11-06T05:57:10.097Z,{2195A03A-2210-4EA8-8E8F-7D564E41256B},B4
PUR168,PUR,枸杞菊花養生飲,1,152,false,2019-11-06T05:57:09.78Z,{68D38C70-A610-493A-9807-1EDAE1905D35},DRINK
PUR21,PUR,柚籽皂,1,199,false,2019-11-06T05:57:08.567Z,{AE5D75B7-8D50-4881-A80F-45A5453205C5},HP
PUR14,PUR,珊瑚藻凍(白葡萄味),1,121,false,2019-11-06T05:57:08.503Z,{9BF343E8-4299-48DD-BF2C-3A70C28C2133},FOOD
PUR33,PUR,紅布朗杏仁茶（500g）,1,242,false,2019-11-06T05:57:08.657Z,{F50210E7-B83C-40FE-8E92-60B8740E7F5D},DRINK
PUR140,PUR,紅薏仁粉,1,122,false,2019-11-06T05:57:09.53Z,{5F6E310B-E084-4DDE-9105-2FE59D54F84B},DRINK
PUR30,PUR,美人桑堪醋600ml/支,1,239,false,2019-11-06T05:57:08.643Z,{032B0DD1-F315-4FB8-A8AC-A01534FB7BEA},DRINK
PUR24,PUR,苦茶粉1公斤,1,232,false,2019-11-06T05:57:08.58Z,{5A28ACBE-5BB4-4137-8E28-F274C9EE8B81},DRINK
PUR23,PUR,香茅手工皂,1,221,false,2019-11-06T05:57:08.58Z,{E11C2AC8-9F91-4FD4-850B-CFDA21DDCF98},HP
PUR119,PUR,凍乾水果（草莓）,1,98,false,2019-11-06T05:57:09.357Z,{5A4856C8-94EC-4475-A7CD-61FFB9EE89F1},FOOD
PUR118,PUR,凍乾水果（蜜桃）,1,97,false,2019-11-06T05:57:09.343Z,{FEC49200-AB58-4973-B13F-720ED5C3772F},FOOD
PUR120,PUR,凍乾榴蓮,1,100,false,2019-11-06T05:57:09.373Z,{83EDD46F-F436-4513-BF7C-A1015AD2DED9},FOOD
PUR144,PUR,核桃粉,1,126,false,2019-11-06T05:57:09.577Z,{4D741D7C-7BCE-48EF-B8FE-D457139E50A5},FOOD
PUR105,PUR,泰國有機3色米,1,83,false,2019-11-06T05:57:09.247Z,{237C6618-E079-4A8E-B7B4-A2D9D8E043F1},FOOD
PUR102,PUR,泰國有機白米500g,1,80,false,2019-11-06T05:57:09.217Z,{5E516AA7-ADD1-4C34-AB81-0D3D36E7E025},FOOD
PUR104,PUR,泰國有機紅米1kg,1,82,false,2019-11-06T05:57:09.233Z,{33D442CA-F887-4AF1-817D-24B477B994AD},FOOD
PUR101,PUR,泰國有機香米1kg,1,79,false,2019-11-06T05:57:09.2Z,{10A2DFFE-80F3-4861-BB9C-AFD81189551E},FOOD
PUR103,PUR,泰國有機香糙米1kg,1,81,false,2019-11-06T05:57:09.233Z,{19082CBE-7122-4384-9B8E-46880CB92234},FOOD
PUR76,PUR,泰國威化餅（椰子）,1,289,false,2019-11-06T05:57:08.997Z,{CF6FAD31-99E7-4960-B5EA-5DDC823ACBAA},FOOD
PUR117,PUR,泰國龍眼乾,1,96,false,2019-11-06T05:57:09.343Z,{D241E4FE-D3BB-4056-9BB1-EF4E97B916F6},FOOD
PUR224,PUR,消毒酒精棉,1,215,false,2019-11-06T05:57:10.237Z,{66F3DC4D-F561-4578-8F0C-B3F0F8DC6B1D},B4
PUR136,PUR,純黑芝麻粉,1,117,false,2019-11-06T05:57:09.497Z,{7BCAC7BF-9CEB-437C-8C5C-86CB77638375},FOOD
PUR20,PUR,素皂,1,188,false,2019-11-06T05:57:08.55Z,{469E6960-84A9-49F0-871B-9DA285C5F3BE},HP
PUR5,PUR,針織竹炭護肘 B1-301(大碼),1,260,false,2019-11-06T05:57:08.44Z,{BD8E7876-9F67-428B-B000-CB747A107114},B4
PUR6,PUR,針織竹炭護肘 B1-301(加大碼),1,271,false,2019-11-06T05:57:08.44Z,{3522095A-B9F0-46AC-85C2-4B02163842FC},B4
PUR138,PUR,高鈣杏仁茶,1,119,false,2019-11-06T05:57:09.513Z,{B45B4BD5-80C1-49B0-88F8-F62CD0342B61},DRINK
PUR69,PUR,康源唐辛子竹酢保健貼2片,1,281,false,2019-11-06T05:57:08.95Z,{EB8D27BA-9042-43EF-B1B7-642F49FF9A79},B4
PUR58,PUR,康源茶籽墨旱蓮首烏洗髮露750ml,1,269,false,2019-11-06T05:57:08.857Z,{CF415797-629E-4472-8206-9030DBA93273},SP
PUR59,PUR,康源透骨草田七活絡沐浴露1000ml,1,270,false,2019-11-06T05:57:08.873Z,{7AA35C58-0F25-4D72-A768-36C4953F3C7A},B4
PUR72,PUR,康源黑豆人參當歸養潤洗髮露750ml,1,285,false,2019-11-06T05:57:08.967Z,{1C76EE7C-C086-479C-AC0A-94476C8C5961},SP
PUR57,PUR,康源檀香骨膠原沐浴露1000ml,1,268,false,2019-11-06T05:57:08.857Z,{0A8B325A-8073-493C-9671-9883C22A10B9},B4
PUR225,PUR,"康樂 250A(11"" x 26"") 片芯                                   ",1,216,false,2019-11-06T05:57:10.237Z,{4BF456BB-7469-4B88-8493-154D68EC6649},OTHER
PUR220,PUR,康樂日用大碼(10片),1,211,false,2019-11-06T05:57:10.203Z,{3CC187E8-F0DD-4850-89B8-5B8E69AB5F1E},B4
PUR223,PUR,康樂日用中碼(10片),1,214,false,2019-11-06T05:57:10.22Z,{5D84A3CA-1507-47E3-89B5-59A5A3EF7BF9},B4
PUR127,PUR,強生血糖機(贈品）,1,107,false,2019-11-06T05:57:09.437Z,{60258D82-901E-4E1E-B85A-9C8A6570E004},B3
PUR151,PUR,彩色4x7日 28格藥盒,1,134,false,2019-11-06T05:57:09.64Z,{2B11094D-7C0E-4A04-BDAF-099407191AF1},B4
PUR143,PUR,淮山餅,1,125,false,2019-11-06T05:57:09.56Z,{6A051860-30E7-47B1-8B2D-5169F65499E0},FOOD
PUR16,PUR,細海鹽,1,143,false,2019-11-06T05:57:08.517Z,{30069FBB-1223-43A0-9A47-D51CE2D82554},FOOD
PUR186,PUR,荷寶萬用活洛油 15ml,1,172,false,2019-11-06T05:57:09.923Z,{67C24826-FC21-459D-9FAE-4F7C9F0C75CC},B4
PUR185,PUR,荷寶薄荷膏15gm,1,171,false,2019-11-06T05:57:09.923Z,{6C392360-4A39-4900-A2C5-4AC23DEA7C81},B4
PUR10,PUR,麥麩蘇打餅 400g,1,77,false,2019-11-06T05:57:08.47Z,{417A56AB-C90C-4F05-B903-1FB160FFAC24},FOOD
PUR217,PUR,麻油腐乳130g,1,207,false,2019-11-06T05:57:10.173Z,{13ECD580-A986-4C4E-B702-3A1905EEA8BB},FOOD
PUR150,PUR,植物活力液,1,133,false,2019-11-06T05:57:09.623Z,{61504EBD-D0F6-4382-B82E-C0916CAE2764},B4
PUR131,PUR,無菌敷料包,1,112,false,2019-11-06T05:57:09.467Z,{F9AD1DDA-75DB-4DD8-A346-CA017CCCE2D0},B4
PUR133,PUR,紫菜,1,114,false,2019-11-06T05:57:09.483Z,{6DEC075E-B63E-44E4-8DE6-8A8EE3063F6C},FOOD
PUR67,PUR,華潤堂九製陳皮喉糖,1,279,false,2019-11-06T05:57:08.933Z,{B75141C0-8F83-40A8-BA91-E22E118573F4},FOOD
PUR70,PUR,華潤堂加拿大花旗蔘片80克,1,283,false,2019-11-06T05:57:08.95Z,{FFC34EE7-E421-4A15-8100-50BB711919AA},FOOD
PUR71,PUR,華潤堂半枝蓮蛇舌草精454g,1,284,false,2019-11-06T05:57:08.967Z,{D90E5A85-151A-4372-8E12-2126C0E2211C},FOOD
PUR68,PUR,華潤堂竹鹽潤喉糖,1,280,false,2019-11-06T05:57:08.933Z,{FE99305D-BFF8-4F16-9103-0C1DD7A37960},FOOD
PUR63,PUR,華潤堂杞子180克,1,275,false,2019-11-06T05:57:08.903Z,{9FCEF1D7-E705-4525-AC56-C43004636CA8},FOOD
PUR73,PUR,華潤堂胎菊,1,286,false,2019-11-06T05:57:08.98Z,{DD5171EC-B2BF-4E1A-AEEE-74484EFAD11E},DRINK
PUR64,PUR,華潤堂夏桑菊沖劑10gX10袋,1,276,false,2019-11-06T05:57:08.903Z,{E30C5837-4B48-4ACC-B44B-A31A0AE00A84},DRINK
PUR60,PUR,華潤堂雪耳球200g,1,272,false,2019-11-06T05:57:08.873Z,{56B12CE5-053C-4532-AD8C-D1813E05D684},FOOD
PUR61,PUR,華潤堂精選龍眼肉300g,1,273,false,2019-11-06T05:57:08.887Z,{CB229272-92EC-441C-BA16-F60E215F3B70},FOOD
PUR66,PUR,華潤堂蜜煉枇杷糖,1,278,false,2019-11-06T05:57:08.92Z,{326DCF5E-0946-44D2-905A-F50A4C60CDC3},FOOD
PUR65,PUR,華潤堂蟲草花（粗條）100g,1,277,false,2019-11-06T05:57:08.92Z,{BDDF99F6-FABF-423F-A077-6F7BF7B93415},FOOD
PUR164,PUR,超大葡萄乾,1,148,false,2019-11-06T05:57:09.747Z,{15759564-ED29-47C0-B9C9-D72AD34F5171},FOOD
PUR154,PUR,越南有機椰青水,1,137,false,2019-11-06T05:57:09.653Z,{8DE9EC48-8F6A-4795-84D7-95CB6F4999A5},DRINK
PUR13,PUR,黑糖沙琪瑪(無蛋),1,110,false,2019-11-06T05:57:08.503Z,{252BCFC6-8314-4766-92A5-0B4C7A3A9CCB},FOOD
PUR85,PUR,意大利有機牛肝菌蕃茄醬,1,299,false,2019-11-06T05:57:09.077Z,{91C37451-AA2C-41E5-B8BD-76C5A5376AE6},FOOD
PUR87,PUR,意大利有機辣椒蕃茄醬,1,301,false,2019-11-06T05:57:09.093Z,{71E9EA30-E19F-498A-A3F3-BFEAC8694284},FOOD
PUR88,PUR,意大利有機羅勒蕃茄醬,1,302,false,2019-11-06T05:57:09.093Z,{F3CA2E80-4506-4FD6-9429-D80110F6902C},FOOD
PUR210,PUR,愛心小熊肥皂（禮盒裝）,1,200,false,2019-11-06T05:57:10.11Z,{4E2A367F-E082-41AC-AAAF-6F7B9864BCA8},HP
PUR155,PUR,椰奶,1,138,false,2019-11-06T05:57:09.67Z,{572E4EF4-7AC2-430F-8EBB-96FF192F77AD},DRINK
PUR153,PUR,滅蟲貼,1,136,false,2019-11-06T05:57:09.653Z,{39BE4410-1812-46C0-88C6-5474471F57E0},HP
PUR15,PUR,腰果鹹醬夾心酥,1,132,false,2019-11-06T05:57:08.517Z,{54D535BB-B5DD-442D-9542-0D6CA60117FE},FOOD
PUR142,PUR,葡萄糖胺燕麥奶,1,124,false,2019-11-06T05:57:09.547Z,{7CE5D8C5-AA47-487D-BE61-B27B65F1465C},MILK
PUR211,PUR,壽桃牌長壽盒裝麵線,1,201,false,2019-11-06T05:57:10.127Z,{57C2D700-24F3-441A-A215-5486C81E6483},FOOD
PUR213,PUR,壽桃牌非油炸面6包裝,1,203,false,2019-11-06T05:57:10.143Z,{E3D40348-ABAE-4853-82CF-57AD27EC5C53},FOOD
PUR212,PUR,壽桃牌蝦子麵,1,202,false,2019-11-06T05:57:10.127Z,{CBC1A3E3-E65F-430B-975D-94FB3F0B5766},FOOD
PUR43,PUR,福字禮品袋（細）,1,253,false,2019-11-06T05:57:08.74Z,{B37A8B24-6021-4615-B18E-7F2293AFD842},OTHER
PUR44,PUR,精美心型圖案福袋,1,254,false,2019-11-06T05:57:08.74Z,{D44C61DF-FDCB-430B-8624-50FD481F3D8D},OTHER
PUR41,PUR,精美索繩袋（細）,1,251,false,2019-11-06T05:57:08.727Z,{C2F9D0E6-49FC-4D70-B6CC-D9ED984E3A39},OTHER
PUR45,PUR,精美禮物袋（中）,1,255,false,2019-11-06T05:57:08.757Z,{A7823CC9-DF29-4B2E-9965-EDB07C3E5E74},OTHER
PUR42,PUR,精美禮品袋（大）,1,252,false,2019-11-06T05:57:08.727Z,{73E06DC1-1954-4CBF-8999-3EC992F238F3},OTHER
PUR62,PUR,精選淮山250g,1,274,false,2019-11-06T05:57:08.887Z,{473FA41E-0639-4AA2-91F1-1CC07FDC704F},FOOD
PUR82,PUR,綠糧莊有機牛肝菌,1,296,false,2019-11-06T05:57:09.047Z,{02B8162D-6BA6-4B59-8687-2FAD41E3742C},FOOD
PUR79,PUR,綠糧莊有機冬菇(大)120g,1,292,false,2019-11-06T05:57:09.03Z,{17800E82-8013-41DD-8B6B-1DD5BA8FE91C},FOOD
PUR78,PUR,綠糧莊有機花菇(大),1,291,false,2019-11-06T05:57:09.013Z,{7BEB72B9-06E0-4D22-AF85-B533D044564E},FOOD
PUR81,PUR,綠糧莊有機黑木耳,1,295,false,2019-11-06T05:57:09.047Z,{8C7AF803-6305-48BA-B4E9-65185E1735B8},FOOD
PUR219,PUR,維他純蒸餾水,1,209,false,2019-11-06T05:57:10.19Z,{07A4F544-A1C2-4A2F-96D4-D5CF95ED686C},DRINK
PUR9,PUR,鳳梨酥 (鴻福),1,304,false,2019-11-06T05:57:08.47Z,{910CAE4D-3352-4150-9BDE-ABC955CF9AC1},FOOD
PUR163,PUR,歐姆龍OMRON全自動手臂式電子血壓計JPN500(附贈品）,1,147,false,2019-11-06T05:57:09.733Z,{B33F9072-E1C7-4E91-9832-FC801EFC525F},B3
PUR122,PUR,歐姆龍手臂式血壓計7121(會員特價）,1,102,false,2019-11-06T05:57:09.39Z,{3AB990A3-02DE-4997-AA6C-2878122F82B3},B3
PUR7,PUR,蔬菜拉麵,1,282,false,2019-11-06T05:57:08.457Z,{C5423423-5294-4DD6-8F75-02A51C2FF6A5},FOOD
PUR172,PUR,養生綜合堅果300g,1,157,false,2019-11-06T05:57:09.813Z,{6EEF18AB-DBB8-4C56-AF3E-24312C914582},FOOD
PUR125,PUR,養生薈有機黃金亞麻籽454g,1,105,false,2019-11-06T05:57:09.42Z,{A253A040-6E4D-4C12-A5EB-8AFA89746370},FOOD
PUR17,PUR,澳洲天然湖鹽 (簡單生活),1,154,false,2019-11-06T05:57:08.533Z,{0F2E52DB-7F24-43A1-AF55-AF78446404D0},FOOD
PUR166,PUR,澳洲有機湖鹽,1,150,false,2019-11-06T05:57:09.763Z,{EBC24E02-A7B0-46BA-9B4F-E2ECA36B245B},FOOD
PUR137,PUR,澳洲頂級大燕麥片,1,118,false,2019-11-06T05:57:09.513Z,{7AE5B5A1-1989-47D4-9160-B0D00462A5EF},FOOD
PUR8,PUR,蕃茄拉麵,1,293,false,2019-11-06T05:57:08.457Z,{7922B3BD-871E-4997-A60A-BA613A880617},FOOD
PUR170,PUR,蕃薯乾,1,155,false,2019-11-06T05:57:09.797Z,{8D6D2B61-5346-451E-8E68-FE64845E6351},FOOD
PUR216,PUR,優質獨立包裝小童口罩,1,206,false,2019-11-06T05:57:10.157Z,{4D3230EB-48E4-4948-9A94-D60DC4309B60},B4
PUR149,PUR,環保天然有機肥100g,1,131,false,2019-11-06T05:57:09.623Z,{2E2E4245-2A46-43C5-9DA7-3A40740853DD},HP
PUR121,PUR,環保肥皂（綠慧公社）,1,101,false,2019-11-06T05:57:09.39Z,{70C89658-61D1-4ACC-AEE7-B5610CFF109D},HP
PUR145,PUR,環保香橙肥皂,1,127,false,2019-11-06T05:57:09.577Z,{D365A0E2-9895-4A82-A22F-31BF7A794706},HP
PUR116,PUR,環保記事簿,1,95,false,2019-11-06T05:57:09.327Z,{5B8FD6B5-B76C-45D8-B5A4-0B062A16A75D},OTHER
PUR12,PUR,糙米米果 60g,1,99,false,2019-11-06T05:57:08.487Z,{C13A8637-D192-4C25-A81B-8F83403AAD7A},FOOD
PUR22,PUR,薄荷皂,1,210,false,2019-11-06T05:57:08.567Z,{5F5CB291-7B00-446B-B236-4191BDE3C3AE},HP
PUR135,PUR,螺旋藻高鈣燕麥奶,1,116,false,2019-11-06T05:57:09.497Z,{01D2790B-40AB-456F-85CE-9A0B3A07FE51},MILK
PUR112,PUR,藍雀 (獨立式口罩),1,91,false,2019-11-06T05:57:09.297Z,{26580436-DDE6-4BE5-B2D7-C221061B0ACB},B4
PUR111,PUR,藍雀 (獨立式口罩)X50PCS,1,90,false,2019-11-06T05:57:09.297Z,{0065F738-82E2-45C1-9B45-6AB6536E60D7},B4
PUR110,PUR,藍雀多功能體溫計,1,89,false,2019-11-06T05:57:09.28Z,{FE67D448-F9D5-4464-87DA-8B7AEDC1B4A5},B3
PUR113,PUR,藍雀潔膚柔濕巾XL,1,92,false,2019-11-06T05:57:09.31Z,{CA8329BA-F532-4C37-A0D5-4162742218B3},B4
PUR126,PUR,雙面彩色燙畫拉鏈帆布袋,1,106,false,2019-11-06T05:57:09.42Z,{4A3D5967-7B24-4065-88FE-BCFBEC5E16B2},OTHER
PUR171,PUR,藜麥好棒-原味150g,1,156,false,2019-11-06T05:57:09.797Z,{E395019B-D492-48D7-9375-893B15A3A55C},FOOD
PUR124,PUR,藥丸分割器,1,104,false,2019-11-06T05:57:09.403Z,{E8DAA490-E2F7-4CCF-B994-361E88D4D735},B4
PUR190,PUR,蘆薈止痛膏,1,177,false,2019-11-06T05:57:09.953Z,{A57A6A09-4200-4883-BA15-5341A3A58AD0},B4
PUR221,PUR,護理寶床墊紙 23X36 (10片裝),1,212,false,2019-11-06T05:57:10.203Z,{9D09A28E-D68C-4182-9EB9-CE824850186E},B4
PUR31,PUR,戀愛蘋果醋600ml/支,1,240,false,2019-11-06T05:57:08.643Z,{3341A38A-B78B-49CB-9229-1088284271DF},DRINK
PUR134,PUR,纖維粉,1,115,false,2019-11-06T05:57:09.483Z,{6F1D6F03-0EC4-4D36-AFD7-E27883D14A64},FOOD
R&M,,Repair & maintenance,0,315,false,2019-11-06T05:57:07.36Z,{C19A81B1-D74F-4C78-8100-5C7B9498F7A3},
RAT,,Rates,0,316,false,2019-11-06T05:57:08.347Z,{A062CAF4-6E01-40C1-9387-A9D757607C05},
REC,,Recruitment,0,317,false,2019-11-06T05:57:08.19Z,{ADA9BBC8-D725-47B6-90FA-7B93B431A725},
REN,,Rental Expenses,0,318,false,2019-11-06T05:57:08.237Z,{F2FF8960-B070-487B-A035-CA9E37AD2A8F},
RSW,,Refund to Social Welfare Department,0,319,false,2019-11-06T05:57:08.317Z,{396A78B7-07B8-4FCE-A03E-F6D024C91D32},
SBF,,Staff benefits,0,320,false,2019-11-06T05:57:08.22Z,{38B446D3-C264-44E6-AD70-33A74D56AC66},
SCB,,School bus expenses,0,321,false,2019-11-06T05:57:08.253Z,{7CF4F52F-5E3A-4DCC-9A68-341E619F1E75},
SMC,,Staff medical checkup,0,322,false,2019-11-06T05:57:08.207Z,{151254A3-25DC-4BF3-89EC-1E4BC46FAB96},
SMP,,Staff medical plan expenses,0,323,false,2019-11-06T05:57:08.207Z,{4C88C47E-10E2-496B-9E00-EAA886EDF269},
SPO,,Sponsorship paid,0,324,false,2019-11-06T05:57:07.36Z,{672A77FC-7503-48BC-B9FA-50B78A0B3018},
STA,,Stationery,0,325,true,2019-11-06T05:57:07.283Z,{7C6D109B-6C9B-4470-8266-6D3FCC1C78B9},
STA1,STA,Paper,1,326,false,2019-11-06T05:57:07.283Z,{A4E3D0AD-BD2B-45B7-A3AF-7E2D38E7B33F},
STA2,STA,Toner,1,327,false,2019-11-06T05:57:07.3Z,{E46A1CC2-2033-4314-99F9-BE3F1BD5009A},
STA3,STA,Printing,1,328,false,2019-11-06T05:57:07.3Z,{296B1338-97A1-4142-B4AC-CBE2CF2FA9BE},
SUN,,Sundries,0,329,false,2019-11-06T05:57:07.957Z,{A1140638-44EB-4C19-A262-0BCD67CD2F59},
TEA,,Tea party expenses,0,330,false,2019-11-06T05:57:08.347Z,{4ED875FA-24B6-40D4-9A6E-7632A826D8D1},
TEL,,Telephone ,0,331,false,2019-11-06T05:57:08.157Z,{C22F6702-6C86-4839-B0E9-EF95276B4162},
TMT,,Teaching materials expenses,0,332,false,2019-11-06T05:57:08.253Z,{16A806F6-8477-4FE1-BCF8-B910830F6257},
TRA,,Transportation,0,333,true,2019-11-06T05:57:07.957Z,{49BE88EB-561E-44C1-9D96-277EE1245051},
TRA1,TRA,Travelling,1,334,false,2019-11-06T02:33:54.317Z,{97AB851D-694E-43F6-BC30-B0122847C7AF},
TRI,,Training expenses,0,335,false,2019-11-06T05:57:08.22Z,{A1EAEC19-3541-4A34-8C04-47AA63EEA36A},
TRV,,Travelling expenses,0,336,false,2019-11-06T05:57:08.237Z,{5323FD28-CBA3-47D0-A51D-8FC48F909A91},
WAT,,Water,0,337,false,2019-11-06T05:57:08.173Z,{0B1FF313-A28E-496E-8DAD-DE4E1C7CF0BD},
DON,,捐款者,,,,,,
DON1,DON,捐款者-捐款者-個人,,,,,,
DON10,DON,捐款者-其他,,,,,,
DON2,DON,捐款者-捐款者-團體,,,,,,
DON3,DON,捐款者-關連捐款者-個人,,,,,,
DON4,DON,捐款者-關連捐款者-團體,,,,,,
DON5,DON,捐款者-學校,,,,,,
DON6,DON,捐款者-政府部門,,,,,,
DON7,DON,捐款者-慈善機構,,,,,,
DON8,DON,捐款者-事局董,,,,,,
DON9,DON,捐款者-諮議局,,,,,,
MEMI,,會員費,,,,,,
MEMA1,,成人-普通會員-18-59歲,,,,,,
MEMA2,,成人-社區會員-凡年滿25歲或以上之服務使用者,,,,,,
MEMA3,,成人-成人會員-25歲或以上,,,,,,
MEMA4,,成人-先進會員-45-59歲,,,,,,
MEMA5,,成人-銀齡會員-50-59歲,,,,,,
MEMA6,,成人-第三齡會員-55-59歲,,,,,,
MEMC1,,兒童-幼兒會員-3-5歲,,,,,,
MEMC2,,兒童-兒童會員-6-10歲,,,,,,
MEME1,,長者-長者支援服務隊個案會員-60歲或以上獨居或缺乏支援之長者,,,,,,
MEME2,,長者-長者會員-60歲或以上,,,,,,
MEME3,,長者-智慧會員-60-64歲,,,,,,
MEME4,,長者-健康會員-65-69歲,,,,,,
MEME5,,長者-休閒會員-70-79歲,,,,,,
MEME6,,長者-老友會員-80歲或以上,,,,,,
MEMO1,,其他-附屬會員-同住之家庭成員,,,,,,
MEMO10,,其他-飯堂優先會員,,,,,,
MEMO11,,其他-長者支援隊(義工會員),,,,,,
MEMO12,,其他-長者支援隊(義工機構),,,,,,
MEMO13,,其他-鄉郊會員,,,,,,
MEMO14,,其他-智友醫社同行個案,,,,,,
MEMO15,,其他-飯堂優先會員,,,,,,
MEMO16,,其他-愛心卡會員,,,,,,
MEMO17,,其他-樂助弱老基金個案,,,,,,
MEMO18,,其他-關愛基金個案,,,,,,
MEMO19,,其他-社區照顧券個案,,,,,,
MEMO2,,其他-社區服務會員 - 個人,,,,,,
MEMO20,,其他-隱蔽長者,,,,,,
MEMO21,,其他-員工,,,,,,
MEMO22,,其他-導師,,,,,,
MEMO23,,其他-學生,,,,,,
MEMO24,,其他-院友,,,,,,
MEMO25,,其他-公司,,,,,,
MEMO26,,其他-其他,,,,,,
MEMO3,,其他-社區服務會員 - 家庭,,,,,,
MEMO4,,其他-團體會員-香港註册之社團及工商機構,,,,,,
MEMO5,,其他-會員嘉賓-須中心會員介紹,,,,,,
MEMO6,,其他-VIP,,,,,,
MEMO7,,其他-義工會員-年滿8歲或以上登記義工,,,,,,
MEMO8,,其他-非會員-長者之家人(沒有登記為護老者)/個案/隱長/社區人士/已登記55歲或以上社區人士/已登記54歲或以下參加個別活動社區人士,,,,,,
MEMO9,,其他-護老者/有需要護老者會員-為60歲或以上提供照顧的成人護老者,,,,,,
MEMY1,,青少年-新進會員-11-14歲或以下,,,,,,
MEMY2,,青少年-少年會員-17歲或以下,,,,,,
MEMY3,,青少年-青少年會員-6-24歲,,,,,,
MEMY4,,青少年-青年會員-15-24歲,,,,,,
SCH,,,,,,,,
SCH1,,學費,,,,,,
SCH2,,膳食費,,,,,,
SCH3,,學費減免-學費,,,,,,
SCH4,,學費減免-膳食,,,,,,
SCH5,,單位資助-與教學人員薪酬有關的資助,,,,,,
SCH6,,單位資助-其他營運有關的資助,,,,,,
SERI,,服務費,,,,,,
HE1,SERI,宿舍服務-住宿,,,,,,
HE2,SERI,宿舍服務-沖涼,,,,,,
HE3,SERI,宿舍服務-洗衫,,,,,,
HE4,SERI,宿舍服務-雜費,,,,,,
SER1,SERI,"日間照顧
-全日制
-專業
",,,,,,
SER10,SERI,"膳食-備膳煮飯
",,,,,,
SER11,SERI,"膳食-遞送服務
",,,,,,
SER12,SERI,"看顧-洗澡
",,,,,,
SER13,SERI,"看顧-餵食
",,,,,,
SER14,SERI,"培訓-專業
",,,,,,
SER15,SERI,"培訓-輔助
",,,,,,
SER16,SERI,"護理-專業
",,,,,,
SER17,SERI,"護理-輔助
",,,,,,
SER18,SERI,護送-陪診,,,,,,
SER19,SERI,護送-外出活動,,,,,,
SER2,SERI,"日間照顧
-全日制
-輔助
",,,,,,
SER20,SERI,護送-外出購物,,,,,,
SER21,SERI,"車輛接送
",,,,,,
SER22,SERI,"租借用品
",,,,,,
SER23,SERI,"其他
-小服務
",,,,,,
SER24,SERI,"家居-家居清潔
",,,,,,
SER25,SERI,"家居-污衣處理
",,,,,,
SER26,SERI,"家居-洗衣
",,,,,,
SER27,SERI,"家居-代辦
",,,,,,
SER28,SERI,"家居-輪籌
",,,,,,
SER29,SERI,"膳食-備膳煮飯
",,,,,,
SER3,SERI,"日間照顧
-每節
-專業
",,,,,,
SER30,SERI,"膳食-遞送服務
",,,,,,
SER31,SERI,"看顧-洗澡
",,,,,,
SER32,SERI,"看顧-餵食
",,,,,,
SER33,SERI,"培訓-專業
",,,,,,
SER34,SERI,"培訓-輔助
",,,,,,
SER35,SERI,"護理-專業
",,,,,,
SER36,SERI,"護理-輔助
",,,,,,
SER37,SERI,護送-陪診,,,,,,
SER38,SERI,護送-外出活動,,,,,,
SER39,SERI,護送-外出購物,,,,,,
SER4,SERI,"日間照顧
-每節
-輔助
",,,,,,
SER40,SERI,"車輛接送
",,,,,,
SER41,SERI,"租借用品
",,,,,,
SER42,SERI,"其他
-小服務
",,,,,,
SER5,SERI,"家居-家居清潔
",,,,,,
SER6,SERI,"家居-污衣處理
",,,,,,
SER7,SERI,"家居-洗衣
",,,,,,
SER8,SERI,"家居-代辦
",,,,,,
SER9,SERI,"家居-輪籌
",,,,,,
